คำ,POS,ความหมาย
ฉก,น.,"ลูกชิด, ตาวหรือปาล์มชนิดหนึ่ง ใบคล้ายมะพร้าว ท้องใบขาว จั่นเป็นพวงห้อย ให้น้ำตาลทำนองมะพร้าว ออกผลเป็นทะลาย เนื้อในเมล็ดอ่อน เรียก ลูกชิด เชื่อมกินได้"
ฉก,น.,ลูกชิด (ดู ชิด น. ๑.).
ฉกแฉ็ก,ว.,"เบ็ดเตล็ด, เล็กน้อย, นิดหน่อย"
ฉกแฉ็ก,ว.,เฉอะแฉะ.
ฉกเนา,น.,"ลูกชิด, ตาวหรือปาล์มชนิดหนึ่ง ใบคล้ายมะพร้าว ท้องใบขาว จั่นเป็นพวงห้อย ให้น้ำตาลทำนองมะพร้าว ออกผลเป็นทะลาย เนื้อในเมล็ดอ่อน เรียก ลูกชิด เชื่อมกินได้"
ฉกเนา,น.,ลูกชิด.
ฉกเนา,ก.,แสดงอาการด่าด้วยมือ
ฉกเนา,ก.,แย่งชิง หรือฉวยเอาโดยเร็ว.
ฉกเนา,ก.,กัด เช่น งูฉก.
ฉกเนา,ก.,"ทิ่มตำ, โขก, สับ เช่น ระวังไม้จะฉกหัว."
ฉลุง,น.,เสาสำหรับผูกช้าง
ฉ้วน,น.,อวัยวะเพศชาย
ฉ้วน,น.,อวัยวะเพศชาย (ดู หัวดอ).
ฉวบ,ว.,เสียงดังเช่นนั้น.
ฉวม,ว.,ครืน เช่น ฮาฉวม - ฮาครืน (ช.พ.).
ฉวย,ก.,"คว้า, จับ, หยิบเอาโดยเร็ว เช่น ฉวยมือโลกสาวเขา - จับมือลูกสาวเขา, ปลาฉวยเบ็ด - ปลาจับเบ็ด, ปลาตอดเบ็ด."
ฉวย,สัน.,ถ้า เช่น ฉวยหมันมาทางโด้ - ถ้ามันมาทางโน้น.
ฉ้อ,น.,"จำนวนนับที่หมายถึงหก เช่น ฉ้อทาน - ฉทาน, ฉ้อกษัตริย์ – ฉกษัตริย์."
ฉ้อ,ก.,ฉ้อโกง.
ฉ้อ,ก.,"ยกขึ้น, ชักขึ้น, ชักรอก, ใช้ขอสับแล้วดึงขึ้น."
ฉอก,ก.,"ถอก, ร่นเข้าไป."
ฉอก,ก.,กระฉอก อาการที่ของเหลว เช่น น้ำในภาชนะกระเพื่อมอย่างแรงเพราะความสั่นสะเทือน
ฉอก,ว.,"เถิก, เว้า, แหว่ง (ใช้กับลักษณะของผม)."
ฉ็อกหม็อก,ว.,สกปรก เช่น แด็กคนนี้อยู่สกมกจัง - เด็กคนนี้สกปรกมาก
ฉ็อกหม็อก,ว.,สกปรก (ดู สกมก).
ฉ้อง,ก.,ดวงชะตาหรือโฉลกไม่สอดรับกัน (ดู ฉ็อง ก.).
ฉ็อง,น.,ชื่อแมลงชนิดหนึ่งมีกลิ่นฉุน.
ฉ็อง,น.,โพรงในดินสำหรับเป็นที่อยู่อาศัยของสัตว์บางชนิด เช่น เม่น เป็นต้น.
"ฉ้อง (ภ.ก., พ.ง.)",ก.,ดวงชะตาหรือโฉลกไม่สอดรับกัน
ฉ็องด็อง,ก.,"ทะลึ่ง, ดื้อรั้น"
ฉ็องด็อง,ก.,ทะลึ่ง (ดู ช็องด็อง ก.).
ฉ็องแม่น,น.,รูที่เม่นอาศัยอยู่
ฉ็องแม่น,ก.,ดวงชะตาหรือโฉลกไม่สอดรับกัน
ฉ็องแม่น,ว.,"กลิ่นรุนแรง, ฉุน เช่น หมินฉ็องเยี่ยว - เหม็นกลิ่นปัสสาวะ."
ฉ้องหล้อง,ก.,"งง, ฉงน (ดู ชง ก. ๑.)."
"ฉ้องหล้อง (ต.ร., ภ.ก., พ.ง.)",ก.,"งง, ฉงน, คิดไม่ออกเพราะยุ่งยากซับช้อน, ทำอะไรไม่ถูกเพราะยังยั้งสติไม่อยู่"
ฉ่องหู,น.,ต่างหู (ดู ทองหู).
"ฉ่องหู (ร.น., ส.ต.)",น.,"เครื่องประดับหู, ต่างหู"
ฉ่อจั้ว,น.,"กระดาษทราย (จ., ภ.ก.)."
ฉอด,น.,"ตะเกียงแก๊ส, ตะเกียงที่ใช้แคลเซียมคาร์ไบด์ทำปฏิกิริยากับน้ำได้แก๊สอะเซทิลีนซึ่งจุดไฟติด ให้ความสว่าง."
ฉอด,ก.,"ไฟฟ้าดูด, ไฟฟ้าช็อต."
ฉอดแฉ้,ก.,ซุบซิบ (ดู ฉูฉี ก. ๑.).
ฉอดแฉ้,ก.,ซุบซิบ (น.ธ.)
ฉอดแฉด,ว.,ช่างพูด (มักใช้กับเด็ก).
ฉ้อท่อ,น.,ชื่อไม้เถาชนิดหนึ่ง มีผลกลมเท่าลูกหยี สีเหลืองอมเขียวช่วงปลายผล ตอนสุกมีลักษณะคล้ายอวัยวะเพศชาย
ฉ้อท่อ,น.,ชี่อไม้เถาชนิดหนึ่ง (ดู ดอล่อ).
ฉอน,ก.,คลอน เช่น ฟันฉอน - ฟันคลอน
ฉอน,ว.,กระจุยกระจาย.
ฉอน,ว.,กระฉ่อน.
ฉอย,ก.,"สอย, เอาไม้ง่าม เป็นต้น บิดเอาดอกไม้ลูกไม้ลงมา"
ฉอย,ก.,สอย (ดู ขอย ก.).
ฉะ,ก.,ตก.
ฉะ,ก.,"ถาก, ฟัน เช่น ฉะหัวนา - ถากคันนา."
ฉะ,ก.,การเข้าปะทะกันครั้งแรกก่อนสู้รบกันของตัวหนังตะลุง.
ฉะ,ก.,ต่อสู้.
ฉะปุก,น.,หมากเก็บ
ฉะหลากา,ว.,"เสนียดจัญไร, อุบาทว์ (เทียบ ส. “ฉลก – ผู้ฉ้อฉล”), (เทียบ ม. Chelaka)"
ฉะหลากา,ว.,เสนียดจัญไร (ดู จะหลากา).
ฉะแหนง,น.,การกระทำทางไสยศาสตร์ ไม่ให้หญิงมีสามี คาถาว่า “โอมฉะแหนงมหาฉะแหนง ครูกูให้ทอด ฉะแหนงแกแม่หญิงผู้ร้าย จงเป็นหม้ายมิรู้ขึ้นขี้เดือน ผู้ครูสังให้จงบ่มิได้ โอมสิทธีมหาฉะแหนง ฯลฯ”
ฉะอ้อ,อุ.,จ๊ะเอ๋เด็ก
ฉัง,ก.,"กักตุน, เก็บไว้ (ช.พ.)."
ฉัง,ว.,กองสูงขึ้น เช่น พร้าวกองฉัง - มะพร้าวกองสูง.
ฉั้ง,น.,พืชชนิดหนึ่งคล้ายต้นหอม แต่ไม่มีหัว ใบแบน.
ฉั้ง,น.,ขนมจ้าง (ดู ซั้ง น. ๓.).
ฉั้ง,ว.,เข้าที เช่น พูดเข้าฉั้ง - พูดเข้าที.
ฉั้ง (ต.ร.),น.,"ขนมจ้าง, ชื่อขนมชนิดหนึ่ง ทำจากข้าวเหนียวห่อด้วยใบไผ่ แล้วต้ม"
ฉัด,ก.,เตะ เช่น ฉัดตร้อ - เตะตะกร้อ
ฉัด,ก.,ซัด เช่น เคลิ่นฉัด - คลื่นชัด.
ฉันลับ,ก.,ซอย เช่น ซัวะไพ่ - ซอยไพ่
ฉับ,ก.,ตีทับโดยปิดท้ายทับให้เกิดเสียงฉับ.
ฉับ,ก.,ตีประกบให้เสียงฉิ่งห้วนสั้น.
ฉับ,ว.,พอเหมาะ เช่น เข้ากันฉับ.
ฉับ,ว.,เสียงดังเช่นนั้น.
ฉับแกละ,น.,การเล่นชนิดหนึ่งของเด็ก ใช้ตบมือกันสองคน
ฉับแกละ,น.,การเล่นของเด็กชนิดหนึ่ง ใช้มือตบกันสองคน (ดู ตบแผละ).
ฉับขล็อก,ก.,แสดงอาการด่าด้วยมือ
ฉับขล็อก,ก.,แสดงอาการด่าด้วยมือ (ดู ฉก ก. ๑.).
ฉับโขลก,ก.,แสดงอาการด่าด้วยมือ
ฉับโขลก,ก.,แสดงอาการด่าด้วยมือ (ดู ฉก ก. ๑.).
ฉับครุบ,น.,เครื่องมือดักสัตว์ทำด้วยไม้ไผ่ ใช้ดักกระจงหรือสัตว์.
ฉับฉึก,ก.,จอง (ดู ฉุบ ก. ๑.).
ฉับฉึก,ก.,"จอง, ผูกไว้, มั่นหมายไว้, ขอกำหนดไว้ เช่น ผมฉุบหนมโทงนี้ - ผมจองขนมกระทงนี้"
ฉับฉึง,ว.,เริ่มต้น
ฉับเฉี้ยว,น.,"กระเจี๊ยบ, ไม้ล้มลุก ผลสีเขียวยาวประมาณ ๑๒ เซนติเมตร ใช้เป็นผัก, ไม้ล้มลุก เปลือกต้นมีเส้นใยเหนียวทนทาน ผลสีแดง รสเปรี้ยว ใช้ทำแยม."
ฉับถึง,ว.,เริ่มต้น (ดู ฉับฉึง).
"ฉับถึง (ช.พ., น.ศ.)",ว.,เริ่มต้น
ฉับปุก,ก.,เล่นหมากเก็บ (ภ.ก.)
ฉับปุก,น.,หมากเก็บ
ฉับปุก,น.,หมากเก็บ (ดู ฉะปุก).
ฉับผล็อก,น.,รอกเหล็กใช้สำหรับยกของหนักมาก ๆ (ส.ฎ.)
ฉับเผลง,ว.,กะโผลกกะเผลก.
ฉับโผลง,น.,ต้นคว่ำตายหงายเป็น (ป.น.).
ฉับโผลง,น.,ชื่อไม้เถาชนิดหนึ่ง คล้ายโคมญี่ปุ่น.
ฉับโผลง,น.,การละเล่นของเด็กที่ใช้ดอกฉับโผลงเป่าลมให้พองขึ้นแล้วตบ หรือกระแทกให้เกิดเสียงดัง.
ฉับโผลง,น.,ปืนเด็กเล่น ทำด้วยกระบอกไม้ไผ่ คล้ายตะบัน อัดกระสุนด้วยกระดาษหรือลูกไม้ บางชนิดอัดยิงได้
ฉับโผละ,ก.,แสดงอาการด่าด้วยมือ
ฉับโผละ,น.,ดู ฉับโผลง
ฉับโผละ,ก.,แสดงอาการด่าด้วยมือ (ดู ฉก ก. ๑.).
"ฉับโผละ (ภ.ก., พ.ง.)",น.,ปืนเด็กเล่น ทำด้วยกระบอกไม้ไผ่ คล้ายตะบัน อัดกระสุนด้วยกระดาษหรือลูกไม้ บางชนิดอัดยิงได้
ฉับพลึง,ว.,เขยก (ดู ผลับพลึง).
ฉับพลึง (ภ.ก.),ว.,เขยก
ฉับโพละ,น.,ชื่อปลาน้ำเค็มชนิดหนึ่ง ปากคล้ายสุนัข.
ฉับลับ,ก.,ซอย (ดู ซัวะ ก. ๑.).
ฉับโหยง,น.,"กระดานหก, เครื่องเล่นสำหรับเด็กอย่างหนึ่ง เป็นแผ่นไม้กระดานระหว่างกึ่งกลางความยาวของไม้ มีขาซึ่งตรึงติดกับแผ่นไม้ ผู้เล่นนั่งที่ปลายไม้ทั้ง ๒ ข้าง ผลัดกันกระดกไม้กระดานให้ขึ้นลง"
ฉับโหยง,น.,กระดานหก (ดู หญับโหยง น. ๑.).
ฉัวะ,ก.,"ประหม่า, กลัว ( จ., ภ.ก., พ.ง.)."
ฉา,ว.,"เสียงดังเช่นนั้น เช่น ฝนตกข้างเหนือโตนเห้อมันลงมาฉาฉา (กลอนโนรา), อย่าประกบเร่ คบเพื่อนพูดโวเวเล่นเม่ฉา (สุภาษิตสอนหญิงสำนวนปักษ์ใต้)."
ฉาก,น.,"กรอบรูป, ภาพถ่ายมีกรอบ."
ฉาก,น.,"ฉาก, เครื่องบัง, เครื่องกั้น."
ฉาก,น.,ไม้ฉาก.
ฉาก,น.,ท่ารำท่าหนึ่ง.
ฉาก,น.,ตอนหนึ่งของการแสดง.
ฉาก,น.,เชิดหนัง.
ฉาก,ก.,ถาก เช่น ฉากไม้ - ถากไม้.
ฉากหัว,น.,คำเรียกที่ผู้ใหญ่เรียกผู้ที่อ่อนอาวุโสกว่าด้วยความสนิทสนม เช่น อ้ายตัดหัวหมึงก็มาเหมือนกันเห้อ
ฉากหัว,ว.,คำด่าของผู้หญิง มักใช้ด่าผู้ชายว่า “อ้ายฉากหัว”
ฉ่าเกี๊ยะ,น.,รองเท้าไม้
ฉ่าเกี๊ยะ,น.,รองเท้าไม้ (ดู เกียะ น. ๒.).
ฉ่าเกื๊อะ,น.,รองเท้าไม้
ฉ่าเกื๊อะ,น.,รองเท้าไม้ (ดู เกียะ น. ๒.).
ฉาง,น.,"ยุ้งฉาง, สิ่งปลูกสร้างสำหรับเก็บข้าวเปลือกประจำบ้าน"
ฉาง,ก.,"ตอกไข่, ตีไข่ให้เข้ากัน."
ฉาง,สำ.,เปิดเผยความลับ.
ฉ้าง,น.,ต้นหอม (ดู หอม น.).
ฉ้าง,ว.,เสียงดังเกิดจากแผ่นโลหะ.
ฉ้าง (ภ.ก.),น.,ชื่อไม้ล้มลุกมีหัว กลิ่นฉุน ใช้ปรุงอาหาร
ฉางหลาง,ว.,แผ่ไม่เป็นระเบียบ เช่น นอนฉางหลาง.
ฉางหวาง,น.,"จางวาง, ตำแหน่งยศข้าราชการชั้นสูงในสมัยโบราณ."
ฉางหวาง,ว.,"ไม่ประจวบเหมาะ, ไม่สบโอกาส เช่น เที่ยวฉางหวางไม่ได้กินข้าวสักที - เที่ยวไปไม่สบโอกาส ยังไม่ได้รับประทานอาหารเลย"
ฉ่าฉาว,ว.,"เกรียวกราว, เลื่องลือ, อื้ออึง (น.ธ.)."
ฉาด,ก.,"สาด, ซัดไป, วักน้ำหรือตักน้ำซัดออกไปโดยแรง, ซัดหรือกระเด็นเข้ามา, ส่องแสงเข้ามา."
ฉาด,ว.,"ไม่เหลือ, หมดเกลี้ยง."
ฉาด,ว.,เสียงดังเกิดจากการตบตีหรือเตะอย่างแรง.
ฉาดได้ดิก,สำ.,"หมดเกลี้ยง, หมดเนื้อหมดตัว."
ฉาน,สรรพ.,"ฉัน, สรรพนามบุรุษที่ ๑ ใช้แทนตัวผู้พูด."
ฉาน,ก.,"ดีด, อาการที่แม่ไก่หวงลูกกระทำต่อศัตรู (ส.ฎ.)."
ฉาน,ว.,คำขานรับหมายถึง ครับ หรือขอรับ
ฉาน,ว.,คำถามซ้ำ
ฉ่าน,ว.,คำขานรับหมายถึง ครับ หรือขอรับ
ฉาบ,น.,"ฉาบ, เครื่องตีประกอบจังหวะชนิดหนึ่ง ทำด้วยโลหะเป็นแผ่นกลมคล้ายจาน มีปุ่มนูนตรงกลาง เจาะรูตรงกลางปุ่มไว้ร้อยเชือกสำหรับถือตี."
ฉาบ,ก.,"ฉะ, ฟันลงไป."
ฉาบ,ก.,ท่าไก่ตีกัน โดยบินขึ้นพร้อมกับใช้จิกส่วนหัวของคู่ต่อสู้.
ฉาบ,ก.,เคลือบ หรือทาแต่ผิว ๆ.
ฉาบ,ก.,"โฉบ, โผลงมาคว้าเอาสิ่งของไป, บินเฉี่ยว."
ฉาบ,ว.,"เกือบ, เฉียด เช่น ฉาบตาย - เกือบตาย."
ฉาบปีกนกนางแอ่น,น.,ท่าพายเรือท่าหนึ่งคล้ายหงส์เหิน
ฉาบปีกนกแอ่น,น.,ท่าพายเรือท่าหนึ่งคล้ายหงส์เหิน
ฉามฉาม,ว.,"เกือบ, เรี่ย ๆ เช่น นกบินฉามฉามน้ำ - นกบินเรี่ย ๆ น้ำ."
ฉามฉาม,ว.,เช้าตรู่.
ฉามฉาม,ว.,ไม่สะทกสะท้าน ใช้ประกอบกิริยาเดิน (ช.พ).
ฉาย,น.,รูปถ่าย.
ฉาย,น.,"แสงสะท้อน, แสงสว่าง, ลำแสง."
ฉาย,น.,"ผ้าที่เขียนอักษรจีนไว้อาลัยในงานศพของคนเชื้อสายจีนในภูเก็ต ซึ่งใช้เหมือนพวงหรีดในงานศพของคนไทย, ผ้าที่ขึงเหนือประตูหน้าบ้านเมื่อมีงาน (ภ.ก.)."
ฉาย,ก.,ถ่ายรูป.
ฉาย,ก.,"สาดส่อง, ส่องแสงออกไป เช่น พระอาทิตย์ฉายแสง."
ฉาย,ว.,เดินกรายไปมา เช่น เดินฉายไปมา - เดินผ่านไปผ่านมา.
ฉาย,ว.,"เกือบ, จวน, แทบ, หวุดหวิด."
ฉ่าย,น.,"ผัก (จ., ภ.ก., พ.ง.)."
ฉ้าย,น.,ปริศนาคำทาย.
ฉ้าย,ก.,"บอกใบ้ เช่น แหลงฉ้าย - พูดบอกใบ้, ฉ้ายเบอร์ - ใบ้หวย."
ฉ้าย,ก.,"เปิด, เลิกออก, ร่อนถลาสูงขึ้น “เหาะฉ้ายขึ้นปลายป่า พระมารดาเงยดูไท” (พระรถเมรี)."
ฉายกั๊ว,น.,"ผักกาดขาว หรือผักกวางตุ้งตากแห้ง (จ., ภ.ก.)."
ฉายซิ้ม,น.,"ผักกาดกวางตุ้ง (จ., ภ.ก., พ.ง.)"
ฉายตึ๋ง,น.,"โรงเจ (จ., ภ.ก., พ.ง.)."
ฉายถาว,น.,"หัวผักกาด (จ., ภ.ก., พ.ง.)."
ฉายถาวโก้ย,น.,ขนมหัวผักกาด.
ฉายโบ้ย,น.,"อาหารที่ปรุงจากอาหารที่เหลือหลายชนิดมาต้มรวมกัน (จ., ภ.ก., พ.ง.)."
ฉายป้อ,น.,"หัวผักกาดดองเค็ม (จ., ภ.ก., พ.ง.)."
ฉายหนอย,ว.,เล็กน้อย เช่น แท่งไม่ได้ฉายหนอยก็ร่ำ - แตะต้องไม่ได้นิดหน่อยก็ร้องไห้ (ภ.ก.).
ฉ่ายหอง,น.,ช่างตัดผ้า (ดู จ่ายหอง).
"ฉ่ายหอง (จ., ภ.ก.).",น.,ช่างตัดผ้า
ฉายอิ้ว,น.,"คณะกรรมการกลางที่ได้รับคัดเลือกให้มาจัดงานประเพณีกินผักของแต่ละปี (ภ.ก., พ.ง.)."
ฉายเอี่ยน,น.,วุ้น (ดู วุ้น).
"ฉ้ายเอี่ยน (ภ.ก., พ.ง.)",น.,"วุ้น, ของกินชนิดหนึ่งใช้เป็นอาหาร ได้จากสาหร่ายทะเล เป็นต้น โดยเอามาเคี่ยวให้ละลาย แล้วปล่อยให้แข็งตัว มีลักษณะใสทึบและนุ่มนิ่ม"
ฉายา,น.,ผู้เป็นที่รัก เช่น นางฉายา
ฉายา,ว.,กระบิดกระบวน เช่น ทำฉายา - ทำกระบิดกระบวน.
ฉาว,ก.,มีเรื่องทะเลาะวิวาทกัน เช่น “เขาฉาวกันในงานลากพระ” – “เขาทะเลาะวิวาทกันในงานชักพระ”.
ฉาว,ก.,"ชำรุด, เสีย, เก่า, แก่ (ภ.ก.)."
ฉ่าว,ว.,"เหม็น (ภ.ก., พ.ง.)."
ฉาวฉาว,ว.,"พร้อมกัน, ด้วยกัน เช่น มากินข้าวฉาวฉาว - มาทานข้าวพร้อม ๆ กัน (น.ธ., ป.น.)."
ฉ่าวโฉ้,ว.,เหม็นคาว อาจใช้กับเรื่องไม่ดี เทียบได้กับคำว่าฉาวโฉ่.
ฉาวเชี้ย,น.,"รถบุโรทั่ง, รถเก่า, รถชำรุด."
ฉาวตัว,ก.,ครั่นเนื้อครั่นตัว
ฉาวตัว,ก.,ครั่นเนื้อครั่นตัว (ดู คร้ามตัว)
ฉ่าวต่าว,น.,สะตอ.
ฉาวเบ๋,ว.,ดังลั่น.
ฉาวเป๋,ว.,ดังลั่น.
ฉาวเม่,ว.,ดังลั่น.
ฉาวหี่,น.,"หูหนวก, หูเสีย."
ฉาวหี่,ว.,"ดังอื้ออึง, เกรียวกราว."
ฉ่าวอ๋วน,น.,ลูกเหม็นที่ใช้ใส่ในตู้เสื้อผ้า ป้องกันแมลงกัดแทะ.
ฉำ,ก.,ฉุนโกรธ
ฉ้ำ,ก.,"ผสม, ปน เช่น โกปี้ฉ้ำ - กาแฟปนกับชา"
ฉ้ำ,ว.,"อิ่มเอิบ, ชุ่มฉ่ำ."
ฉ้ำ,ว.,คุ้มดีคุ้มร้าย (ต.ร.)
ฉ้ำ,ว.,"เด็ดจริง ๆ, เหมาะเหม็ง"
ฉ้ำฉา,น.,"ต้นฉำฉา, ชื่อไม้ต้นขนาดใหญ่ เรือนยอดทึบแผ่สาขากว้าง ดอกเป็นพู่ สีชมพู ฝักแก่สีน้ำตาลไหม้ รสหวาน ๆ"
ฉ้ำฉา,น.,ต้นฉำฉา (ดู ก้ามปู).
ฉ้ำฉ้ำ,ว.,คุ้มดีคุ้มร้าย (ต.ร.)
ฉ้ำฉ้ำ,ว.,คุ้มดีคุ้มร้าย (ดู ฉ้ำ ว. ๒.).
ฉ้ำเฉื้อย,ว.,คุ้มดีคุ้มร้าย (ต.ร.)
ฉ้ำเฉื้อย,ว.,คุ้มดีคุ้มร้าย (ดู ฉ้ำ ว. ๒.).
ฉ้ำดาว,ว.,"เด็ดจริง ๆ, เหมาะเหม็ง"
ฉ้ำดาว,ก.,"ทำร้าย, แทงอย่างเต็มที่."
ฉ้ำดาว,ว.,เหมาะเหม็ง (ดู ฉ้ำ ว. ๓.).
ฉำพรำ,ก.,สั่งสอน (ช.พ.).
ฉำแหม็ง,ก.,"เอาเป็นของตัว, ภาษาปากมักจะพูดในลักษณะเยาะเย้ยประชดประชัน (ส.ฎ.)."
ฉิ้ง,น.,ชื่อไม้ต้นชนิดหนึ่ง ลูกคล้ายมะเดื่อแต่เล็กกว่า ใช้เป็นผักจิ้มหรือผักแนมได้.
ฉิ้ง,น.,ชื่อนกตระกูลนกกระจิบ แต่ตัวโตกว่า.
ฉิ้ง,น.,"ฉิ่ง, เครื่องตีกำหนดจังหวะชนิดหนึ่ง ทำด้วยโลหะหล่อหนา รูปร่างกลม คล้ายถ้วย เจาะรูตรงกลางไว้ร้อยสายเชือกให้เป็นคู่กัน สำหรับถือตีบอกจังหวะเข้ากับดนตรี."
ฉิ้ง,ก.,"กระทบเพียงเบา ๆ, เฉียด, แตะต้องเพียงเล็กน้อย นิยมใช้เป็นคำประชด."
ฉิ้งฉ้าง,น.,ชื่ออาหารชนิดหนึ่งมักทำจากปลาไส้ตัน (ดู จิ้งจัง).
ฉิ้งฉ้าง,น.,หวยใต้ดินที่แทงโดยวิธีซื้อสลากที่พิมพ์ไว้ครบทุกลำดับเลข ทั้งแบบ ๓ ตัว และ ๒ ตัว ปัจจุบันไม่มีแล้ว (ภ.ก.).
ฉิ้งฉ้าง (ภ.ก.),น.,"ปลาไส้ตัน, ชื่ออาหารชนิดหนึ่งมักทำจากปลาไส้ตัน นำไปต้มให้สุก แล้วตากให้แห้ง"
ฉิ้งฉาบ,ว.,ขอไปที เช่น ทำงานฉิ้งฉาย.
ฉิ้งฉาย,ว.,"อะลุ้มอล่วย, ออมซอม."
ฉิ้งฉาย,ว.,ขอไปที เช่น ทำงานฉิ้งฉาย.
ฉิ้งแพลม,ก.,โต้เถียงไม่ลดละ
ฉิ้งแพลม,ว.,"เป๋, เก, เฉ (ช.พ.)."
ฉิ้งแพลม,สำ.,ดู ขึ้นคำลงคำ.
ฉิด,ว.,"นิด, เล็กน้อย"
ฉิด,ว.,"นิด, เล็กน้อย (ดู หิด ว. ๑.)."
ฉิ้นฉาย,ว.,ขอไปที เช่น ทำงานฉิ้งฉาย.
ฉิ้นฉาย,ว.,"อะลุ้มอล่วย, ขอไปที (ดู ฉิ้งฉาย)."
ฉิ่นเต้ง,น.,"เลขานุการ (จ., ภ.ก.)."
ฉิ่นเต้งป๋าง,น.,สำนักงาน.
ฉิบ,ก.,เข้ากันได้พอดี.
ฉิบเฉี้ยว,น.,ปั้นชาเล็ก ๆ.
ฉิม,น.,อวัยวะเพศหญิง
ฉิม,น.,อวัยวะเพศหญิง (ดู เคย น. ๒.).
ฉิม,สรรพ.,คำใช้เรียกหญิงจีนที่สูงอายุ.
ฉิม,สรรพ.,ชื่อตัวตลกของหนังตะลุง.
ฉิ้ม,ก.,รับเงินเกินค่าแรง (ก.บ.).
ฉิ้ม,ว.,"จิ้มลิ้ม, อิ่มเอิบ, สวยไม่สร่าง."
ฉิ่มแจ้,น.,"บริเวณชานบ่อน้ำในบ้าน ใช้เป็นลานซักล้าง (จ., ภ.ก., พ.ง.)"
ฉิ้มฉ้ำ,น.,"ปลาไส้ตัน, ชื่ออาหารชนิดหนึ่งมักทำจากปลาไส้ตัน นำไปต้มให้สุก แล้วตากให้แห้ง"
ฉิ้มฉ้ำ,น.,ชื่ออาหารชนิดหนึ่งมักทำจากปลาไส้ตัน (ดู จิ้งจัง).
ฉิว,ก.,ฉุนโกรธ
ฉิว,ก.,ไล่ปูขึ้นจากรู เรียก “ฉิวปู”
ฉิว,ก.,ฉุนโกรธ (ดู ฉำ).
ฉิว,ว.,เร็ว.
ฉิ้ว,น.,"กลุ่มบุคคลที่ทำงานร่วมกัน, กลุ่ม, หมู่, พวก."
ฉิ้ว,น.,"หนวด (จ., ภ.ก., พ.ง.)."
ฉิ้วฉิ้ว,ว.,เสียงร้องเยาะให้ได้อาย พร้อมด้วยใช้นิ้วชี้สะกิดแก้มตัวเอง.
ฉิ้วเฉ้ง,น.,ซีอิ๊วขาว (ดู จิ้วเฉ้ง).
"ฉิ้วเฉ้ง (จ., ภ.ก., พ.ง., ร.น.)",น.,ซีอิ๊วขาว
ฉิวเฉียด,ว.,"เกือบ, หวิด."
ฉี,น.,เบี้ยที่ใช้แทนเงินในการเล่นการพนัน
ฉี,น.,"เจ๊, พี่สาว, คำเรียกผู้หญิงเชี้อสายจีนที่มีอายุแก่กว่าระดับช่วงชั้นรุ่นพี่"
ฉี,น.,"คำนำหน้าชื่อที่ใช้เรียกผู้หญิงที่มีอายุมากกว่า ช่วงระดับน้า, ป้า"
ฉี,ก.,"จี่, เผาหรือการทำของให้สุกโดยวางบนถ่านไฟ เช่น จีปลา, จีเนื้อ"
ฉี,น.,พี่สาว (ดู จี น.).
ฉี,น.,เบี้ยที่ใช้แทนเงินในการเล่นการพนัน (ดู ค่องฉี).
ฉี,น.,มาตราชั่งทอง (ดู ชี่ น. ๒.).
ฉี,ก.,อาการไซ้ปากของเป็ดหรือห่าน (น.ศ.).
ฉี้,น.,ปัสสาวะ.
ฉี้,ก.,ถ่ายปัสสาวะ.
ฉี้,ว.,เสียงดังเช่นนั้น เช่น เสียงของที่ทอดในน้ำมัน.
ฉี (ต.ร.),น.,มาตราชั่งทอง ๑ สลึง
ฉีก,ก.,"ทำให้ขาด, ทำให้แยกออก เช่น ฉีกผ้า, ฉีกขา - ถ่างขาออก."
ฉีก,ก.,ออกนอกแนว หรือกรอบที่กำหนด
ฉีกตา,สำ.,"ตบตา, หลอกหรือลวงให้เข้าใจผิด."
ฉีกตาแกรก,ว.,เช้าตรู่มาก ๆ.
ฉีกตาหลอก,ก.,ปลิ้นหน้าปลิ้นตาให้เด็กกลัว.
ฉีกเตย,ก.,วิ่งออกนอกเส้นทาง กรณีการเล่นเตยของเด็ก.
ฉีกท้องข้าว,ก.,ฉีกต้นข้าวที่กำลังตั้งท้อง เพื่อกินรวงอ่อนที่กำลังหอมหวาน.
ฉีกผ้าร้าย,น.,นกสีดำ ขนาดโตเท่านกสาลิกา ร้องแกรก ๆ.
ฉีกเรียน,น.,การเล่นทายเม็ดในทุเรียนว่ามีจำนวนเท่าไร.
ฉีกวานหลอก,ก.,ยั่วโทสะ โดยการหันหลังแล้วกระดกก้น.
ฉีกหมอก,ว.,เช้าตรู่มาก เช่น มาแตฉีกหมอก - มาตั้งแต่เช้าตรู่
ฉีกหู,ว.,"ดื้อดึง, ทะลึ่ง, นอกรีตนอกรอย, เสือก"
ฉีกเหือก,ว.,"นอกคอก, ทำนอกเรื่อง, นอกครู"
ฉีกโหลก,ว.,"ดื้อดึง, ทะลึ่ง, นอกรีตนอกรอย, เสือก"
ฉีกอาง,ก.,"แหกปากร้อง, ร้องดังมาก."
ฉีกแอก,สำ.,แหกคอก ไม่อยู่ในกรอบเหมือนวัวออกจากแอก.
ฉีกะฉาว,น.,ต้นฟ้าทะลายโจร.
ฉี่ฉ้าม,ก.,"ช้ำใจ (จ., ภ.ก., พ..ง.)"
ฉีด,ว.,"นิด, เล็กน้อย"
ฉีด,น.,"ผักกระเฉด, ชื่อไม้น้ำ ขึ้นลอยอยู่ในน้ำ ลำต้นอ่อนอุ้มน้ำ มีปลอกเป็นปุยขาว ๆ เป็นทุ่น เรียกว่า “นม” ใบย่อยเล็ก เมื่อถูกสัมผัสก็หุบราบไป ดอกเหลืองเล็ก ออกชิดกันเป็นก้อนกลม ลำต้นและใบ ใช้เป็นอาหารได้."
ฉีด,ก.,"ฉีด, ใช้กำลังอัดหรือดันให้ของเหลวอย่างน้ำพุ่งออกจากช่องเล็ก ๆ."
ฉีด,ก.,อาการแพ้เร็วเกินไปของปลากัด ปลาหมอ เนื่องจากผิดน้ำ.
ฉีดโขลง,น.,ปืนเด็กเล่น ทำด้วยกระบอกไม้ไผ่ คล้ายตะบัน อัดกระสุนด้วยกระดาษหรือลูกไม้ บางชนิดอัดยิงได้
ฉีดโขลง,น.,ปืนเด็กเล่น (ดู ฉับโผลง น. ๔.).
ฉีดหัวน้ำ,สำ.,แพ้เร็วเกินไป.
ฉีดหัวน้ำ,สำ.,ล่มปากอ่าว.
ฉีดหัวน้ำ,ว.,"นิด, เล็กน้อย (ดู หิด ว. ๑.)."
ฉีดหูน้ำ,ก.,ฆ่าปลากัดโดยอัดหัวแม่มือลงในขวดเลี้ยงปลากัดที่ใส่น้ำเต็มแล้วดึงมือออกโดยเร็วทำให้เกิดการเปลี่ยนแปลงความดัน.
ฉีดอ่าหวาย,ก.,การเสี่ยงแดนหรือเลือกข้างในการเล่นของเด็ก โดยใช้นิ้วซึ่งแต่ละนิ้วจะมีความหมายและมีการแพ้ชนะกัน เช่น หัวแม่มือกับนิ้วชี้ คนที่ออกนิ้วชี้จะแพ้ เป็นต้น (ภ.ก.).
ฉี้ม,ก.,"ขาดทุน, เข้าเนื้อตัวเอง (จ., ภ.ก., พ.ง.)"
ฉึ้ง,ว.,เสียงดังเช่นนั้น เช่น เสียงมีดปักดังฉึ้ง.
ฉุก,ก.,"ยุ, กล่าวชักชวน, ส่งเสริม หนุนหรือเป็นใจ ให้ทำสิ่งใดสิ่งหนึ่ง (มักใช้ในทางที่ไม่สมควร) เช่น ฉุกหมาให้ยิกวัว - ยุหมาให้ไล่วัว."
ฉุก,ก.,"อาการที่เกิดขึ้นโดยพลัน, มักใช้เข้าคู่กับคำอื่น."
ฉุกใจ,ก.,"วิตกกังวลใจ, รู้สึกเสียใจในเรื่องที่ผ่านมา."
ฉุกใจ,ก.,"ฉุกคิด, คิดขึ้นมาทันที, คิดได้ในขณะนั้น, บังเอิญคิดได้."
ฉุกฉิก,ว.,ขลุกขลิก ใช้กับแกง เช่น แกงฉุกฉิก - แกงฉู่ฉี่.
ฉุกฉิก,ว.,ไม่มั่นใจ (ส.ฎ.).
ฉุกเฉิน,ว.,"ชุลมุนวุ่นวาย, ปั่นป่วน เช่น ฉุกเฉินแรงหวา คราวแล่นหม่า – ชุลมุนวุ่นวายยิ่งกว่าครั้งวิ่งหนีพม่า (ภ.ก.)."
ฉุกหุก,ก.,"ฉุกละหุก, สับสนวุ่นวาย เพราะมีเรื่องเกิดขึ้นอย่างกะทันหัน."
ฉุง,ว.,"ฉุน, คลุ้ง (ภ.ก.)."
ฉุงฉิง,ก.,ยุ่งเกี่ยว. ว. ใจคอหงุดหงิด.
ฉุ้งฉิ้ง,ว.,เสียงกระหนุงกระหนิง.
ฉุด,ก.,"ฉุดคร่า, ฉุดลากอย่างไม่ปรานี"
ฉุด,ก.,"ฉุด, ออกแรงลากหรือคร่าสิ่งใดสิ่งหนึ่งไปหรือรั้งสิ่งใดสิ่งหนึ่งขึ้น หรือดึงสิ่งใดสิ่งหนึ่งไว้."
ฉุด,ก.,ทาย (ส.ฎ.).
ฉุด,ก.,ใช้ปลายเท้ากระแทกของให้เคลื่อนไปโดยให้ฝ่าเท้าแนบกับพื้น.
ฉุด,ก.,สะดุด.
ฉุดแก็ด,น.,การเล่นชนิดหนึ่งของเด็กใช้เท้ากระแทกแผ่นกระเบื้องเล็ก ๆ ให้เคลื่อนไปตามช่องที่ขีดกำหนดขึ้นไว้
ฉุดขุ่ย,น.,"ท่อไอเสีย (จ., ภ.ก., พ.ง.)."
ฉุดลาก,ก.,"ฉุดคร่า, ฉุดลากอย่างไม่ปรานี"
ฉุดลาก,ก.,ฉุดคร่า
ฉุดหลาด,ว.,ทะมัดทะแมง เช่น เดินฉุดหลาด - เดินทะมัดทะแมง.
ฉุน,ก.,โอนไปปักชำ.
ฉุน,ก.,"เพาะ, ทำให้งอก, ทำให้เกิด เช่น ฉุนกล้า - ตกกล้า."
ฉุน,ก.,รู้สึกโกรธขึ้นมาทันที.
ฉุน,ก.,การยำวิธีหนึ่ง เช่น ส้มท้อนฉุน - ยำกระท้อนทรงเครื่อง.
ฉุน,ก.,อาการอย่างหนึ่ง ทำให้เกิดความคึกคะนองก่อนจะให้ต่อสู้กัน เช่น กระทำกับแมลงบางชนิด เรียกว่า ฉุนหัว.
ฉุน,ว.,"แรง, กล้า ใช้กับกลิ่นและรส."
ฉุ้น,ก.,"ส่งออกไป, เสือกออกไป เช่น ฉุ้นปอ - เสือกตลับโปออกไปให้ลูกค้าแทง."
ฉุนชุน,น.,ชื่องูชนิดหนึ่ง
ฉุนชุน,น.,ชื่องูชนิดหนึ่ง (ดู สุนชุน).
ฉุ่นหนั่ว,ว.,"ชุลมุน, ยุ่ง (จ., ภ.ก., พ.ง.)."
ฉุบ,ก.,เอาเป็นของตนเองโดยพลการ
ฉุบ,ก.,"จอง, ผูกไว้, มั่นหมายไว้, ขอกำหนดไว้ เช่น ผมฉุบหนมโทงนี้ - ผมจองขนมกระทงนี้"
ฉุบ,ก.,ดูด
ฉุบ,ก.,ถอนคำพูดหรือยกเลิก ถือเป็นโมฆะ เช่น เมื่อยิงสะบ้าพลั้งมือไปก็ร้องว่าฉุบ ก่อนที่จะถูกสะบ้า.
ฉุบฉิบ,ว.,กระดุบกระดิบ.
ฉุบฉุบ,ว.,ปวดหนึบ ๆ.
ฉุบชึก,ก.,"จอง, ผูกไว้, มั่นหมายไว้, ขอกำหนดไว้ เช่น ผมฉุบหนมโทงนี้ - ผมจองขนมกระทงนี้"
ฉุบชึก,ก.,"จอง, มั่นหมายไว้ (ดู ฉุบ ก. ๑.)."
ฉุบหัวโม่ง,ก.,"จอง, ผูกไว้, มั่นหมายไว้, ขอกำหนดไว้ เช่น ผมฉุบหนมโทงนี้ - ผมจองขนมกระทงนี้"
ฉุบหัวโม่ง,ก.,"จอง, มั่นหมายไว้ (ดู ฉุบ ก. ๑.)."
ฉุย,ว.,"คำประกอบเพื่อแสดงคุณสมบัติของกลิ่นหอมหรือเหม็น เช่น หอมฉุย, เหม็นฉุย."
ฉุ่ย,น.,"ปาก (จ., ภ.ก.)."
ฉุ้ย,ก.,ตีตะปูโดยวิธีทแยงให้ไม้ใหญ่
ฉุ้ย,ก.,ดุ้นติดกัน เช่น ตงกับคาน
ฉุ้ย,ก.,"เกี้ยวพาราสี, ทำให้เป็นทองแผ่นเดียวกัน (ภ.ก.)."
ฉุ้ย,ว.,"ชุ่ย (ช.พ., ร.น.)."
ฉุยคิ่ม,น.,"หีบเพลงปาก (จ., ภ.ก.)."
ฉุ้ยวุ่นฉ้ายว่าย,ว.,"อีลุ่ยฉุยแฉก, สุรุ่ยสุร่าย, ฟุ่มเฟือย (ภ.ก.)."
ฉุว,ก.,ไล่ปูขึ้นจากรู เรียก “ฉิวปู”
ฉุว,ก.,ไล่ปูขึ้นจากรู (ดู ฉิว ก. ๑.).
ฉู้,ว.,"ใช้ประกอบคำอื่น แสดงความไม่มั่นใจ, ฉงน, ไม่รู้ เช่น ใครฉู้ - ใครไม่รู้, ปรือฉู้ - เป็นอะไรไม่รู้, ไปไหนฉู้ - ไปไหนก็ไม่รู้, ไหรฉู้ - อะไรก็ไม่รู้"
ฉูงาม,ก.,"เงื้ออาวุธด้วยมือทั้งสองข้างขึ้นเหนือศีรษะเพื่อจามลง (ต.ร., ก.บ.)"
ฉูงาม,ก.,"ไหว้แบบถวายบังคม, เคารพโดยการกราบไหว้"
ฉูฉี,ก.,ซุบซิบ (น.ธ.)
ฉูฉี,ก.,การเล่นเกมชนิดหนึ่งของเด็กเพื่อเอาผลแพ้ชนะไปใช้ในการเล่นอย่างอื่นต่อไปโดยใช้สัญญาณมือเป็นตัวตัดสิน.
ฉูฉู,ว.,เสียงดัง (ดู โฉโฉ).
ฉูฉู,ว.,เสียงดัง
ฉูชา,ก.,"ไหว้แบบถวายบังคม, เคารพโดยการกราบไหว้"
ฉูชา,ก.,เคารพโดยการไหว้ (ดู ฉูงาม ก. ๒.).
ฉูด,ก.,ไล่ปูขึ้นจากรู เรียก “ฉิวปู”
ฉูด,ก.,ไล่ปูขึ้นจากรู (ดู ฉิว ก. ๑.).
ฉูด,ว.,"ฉุด, อาการที่พุ่งหรือไปโดยเร็ว, กระเด็น, กระจัดกระจาย เช่น พวกสูเม่จ้าน เดียวกูยิกฉูดแหม็ด – พวกเจ้าเอะอะ ประเดี๋ยวไล่ตะเพิดไปหมด"
ฉูดฉีด,ก.,ซุบซิบ (น.ธ.)
ฉูดฉีด,ก.,ซุบซิบ (ดู ฉูฉี ก. ๑).
ฉู่หรู่,ก.,"สู่รู้, สอดรู้, อวดรู้, ทำเป็นรู้ เช่น อยามาฉู่หรู่ทีอีหวานเฮ่อ – อย่ามาทำเป็นรู้เลยอีหวานเอ๊ย (ภ.ก.)."
เฉ,ว.,เถลไถล เช่น เที่ยวเฉ - เที่ยวเถลไถล
เฉ,ว.,"ไม่ตรง, เอน, เอียง, เป๋ เช่น ขาเฉ - ขาเป๋"
เฉก,ก.,เขย่า เช่น เฉกขวดยา - เขย่าขวดยา (ภ.ก.).
เฉโก,ว.,"ฉลาดแกมโกง, ตลบตะแลง"
เฉ่ง,น.,ปืน.
เฉ่ง,ก.,"ใส่, สวม เช่น เฉ่งข่อ - สวมกางเกง. เฉ่งซ้า - สวมเสื้อ (จ., ภ.ก.)."
เฉ้ง,ว.,"หมดจด, เกลี้ยง."
"เฉ้ง (จ., ภ.ก., พ.ง.)",ก.,"ปัดกวาด, ทำความสะอาดบ้าน"
เฉ่งฉู่,ก.,"ปัดกวาด, ทำความสะอาดบ้าน"
เฉ่งช้า,ว.,"แตกต่างกัน. (จ., ภ.ก., พ.ง.)."
เฉ่งเบ้ง,น.,"เช็งเม้ง, การไหว้ผีบรรพบุรุษประจำปีของคนจีนที่หลุมฝังศพหรือฮวงซุ้ย (จ., ภ.ก., พ.ง.)."
เฉ้งวับ,ว.,สวยบาดตาบาดใจ.
เฉ้งวับ,ว.,หมดสิ้น เช่น โจรลักของเฉ้งวับ - โจรขโมยของหมดเลย.
เฉไฉ,ว.,เถลไถล เช่น เที่ยวเฉ - เที่ยวเถลไถล
เฉไฉ,ว.,เถลไถล (ดู เฉ ว. ๑.).
เฉ็ว,ก.,"ยิ้ม, หัวเราะ"
เฉอะ,ก.,ลืมตัว (ช.พ.).
เฉะหัว,ก.,เขกกบาล
เฉามวก,น.,ชื่อไม้เถาชนิดหนึ่ง ยางใช้ทำยางดักนก
เฉามวก,น.,ชื่อไม้เถาชนิดหนึ่ง ยางใช้ทำยางดักนก (ดู ชี้เงาะ).
เฉาะ,ก.,สับตื้น ๆ ด้วยของมีคม เช่น เฉาะหัว - ฟันหัวด้วยขวานเล็ก (เรียกว่าฟันพอสั่งสอน พอให้เข็ดหลาบ).
เฉิงฉิ้ม,ว.,สวยเฉิดฉาย (ดู เฉิดฉิม).
เฉิงฉิ้ม,ว.,สวยเฉิดฉาย
เฉิด,ว.,"สูงขึ้น, เชิดขึ้น, เชิด, งาม."
เฉิดฉิม,ว.,สวยเฉิดฉาย
เฉิม,ก.,"ตี, ฟัน เช่น เฉิมหัว - ฟันหัว."
เฉิม,ว.,"นอง, เจิ่ง."
เฉิม,ว.,เกือบถึง เช่น น้ำท่วมพอเฉิม ๆ ตง – น้ำท่วมพอปริ่ม ๆ เริ่มๆ ตง.
เฉิม,ว.,ระดับ.
เฉีย,น.,เจ้ามือผู้ต้อนรับ.
เฉีย,ก.,"เลี้ยง, เชิญ, เชิญชวน เช่น เฉี่ยเหล้า - เลี้ยงเหล้า (จ., ภ.ก.)."
เฉี้ย,ก.,ปาให้ร่อนไป.
เฉี่ยเก้ง,น.,"โรงรถ (จ., ภ.ก., พ.ง.)."
เฉี่ยค้ำ,น.,"ขาตั้งรถจักรยานหรือรถจักรยานยนต์ (ภ.ก., พ.ง.)."
เฉียง,ก.,"ทำให้แยกออกจากกันตามยาวด้วยมีดหรือขวานอย่างผ่าฟืน เช่น เอาขวานเฉียงหัว - เอาขวานฟันหัว, เฉียงฟืน – ผ่าฟืน."
เฉียง,ว.,ทแยง เช่น ผ้าห่มพาดเฉียง - ผ้าห่มเฉวียงบ่า.
เฉียงพร้า,น.,ชื่อไม้ต้นขนาดใหญ่ ผลขนาดลูกหว้า เมื่อสุกจะมีสีแดง นกชอบกิน เนื้อไม้ใช้ทำเครื่องเรือน
เฉียงพร้า,น.,ชื่อไม้ต้นขนาดใหญ่ (ดู คอแห้ง น.).
เฉียงพร้านางแอ,น.,ชื่อไม้ต้นขนาดใหญ่ ผลขนาดลูกหว้า เมื่อสุกจะมีสีแดง นกชอบกิน เนื้อไม้ใช้ทำเครื่องเรือน
เฉียงพร้านางแอ,น.,ชื่อไม้ต้นขนาดใหญ่ (ดู คอแห้ง น.).
เฉียงพลู,น.,"ชะพลู, ไม้เถา ใบคล้ายพลู กินได้ ต้นและใบมีรสเผ็ด รากและผลใช้ทำยาได้."
เฉี่ยฉึง,น.,"ช่างกลึง, เครื่องกลึง (จ., ภ.ก., พ.ง.)."
เฉี่ยถ้าง,น.,"ตัวถังรถ (จ., ภ.ก., พ.ง.)."
เฉี่ยนฉ้าว,น.,"เฉาก๊วย (ดู วุ้นดำ). (จ., ภ.ก.)."
เฉียม,น.,ไม้สำหรับเสียบ.
เฉียม,ก.,"เสียบ. (จ., ภ.ก.)."
เฉี้ยม,น.,"ส้อม, เหล็ก ๒ ง่าม ปลายแหลม ใช้แทงปลา, เครื่องใช้ทิ่มอาหารกินคู่กับช้อน (ภ.ก.)."
เฉี้ยม,ลัก.,"ไม้, อัน เช่น หมูปิ้ง ๓ เฉี้ยม – หมูปิ้ง ๓ ไม้."
เฉี่ยมเหมีย,ก.,ลงลายมือชื่อ (ดู เซ็น ก. ๑.).
เฉี่ยมเหมีย (ภ.ก.),ก.,ลงลายมือชื่อ
เฉียว,ก.,โฉบ เช่น ยิ่วเฉียวลูกไก - เหยี่ยวโฉบลูกไก่.
เฉี่ยว,ก.,"ยิ้ม, หัวเราะ (ดู เฉ็ว)."
"เฉี่ยว (จ., ภ.ก.)",ก.,"ยิ้ม, หัวเราะ"
เฉี้ยวกั๊ว,ก.,"ร้องเพลง (จ., ภ.ก.)."
เฉียวฉาว,ก.,ครั่นเนื้อครั่นตัว
เฉียวฉาว,ก.,ครั่นเนื้อครั่นตัว (ดู คร้ามตัว).
เฉี่ยวนั่ง,ก.,ดักนกโดยใช้เหยื่อล่อ.
เฉียะโก้ย,น.,"ปาท่องโก๋, ชื่อขนมชนิดหนึ่งของจีน ทำด้วยแป้งสาลีตัดเป็นท่อน ๆ แล้วจับเป็นคู่ติดกัน ทอดน้ำมันให้พอง คนจีนฮกเกี้ยน เรียก อิ่วเจียะโก้ย (ภ.ก., พ.ง.)"
เฉียะโก้ย,น.,ปาท่องโก่ (ดู จาโก้ย).
เฉื้อย,ว.,"ช้า ๆ, ไม่ว่องไว, เฉื่อย."
เฉื้อย,ว.,บ้า ๆ บอ ๆ.
เฉือะ,อุ.,เสียงไล่ไก่.
แฉ,ก.,"เปิดเผย, ชี้แจง."
แฉ้,ก.,ขว้างของแบนให้ร่อนไป
แฉ้,ว.,เสียงไล่สุนัข
แฉ้,ก.,ขว้างของแบนให้ร่อนไป (ดู แฉ ก. ๒.).
แฉ้,ว.,เสียงไล่สุนัข (ดู แฉ ว. ๒.).
แฉ้,ว.,"อ้า, ที่เปิดกว้างออกไป (ดู แฉะ ว. ๑.)."
แฉ้,ว.,"อ้า, ที่เปิดกว้างออกไป, แผ่ออก เช่น เขาวัวแฉะ - เขาวัวแบะ"
แฉก,ว.,"แสก, เรียกผมที่หวีเป็นแนวกลางศีรษะว่าผมแฉก เช่น หวีผมตกแฉก - หวีผมแสก"
แฉก,ลัก.,"หยัก, ริ้ว เช่น ใบไม้ใบนี้มี ๓ แฉก."
แฉ็ก,ก.,ใช้ปลายมีดสับเบา ๆ (ช.พ.).
แฉ็ก,ว.,ถึงที่สุด (ดู แฉง ว.).
แฉ็ก,ว.,"โดยปริยาย หมายถึง ถึงที่สุด เช่น เข้าถึงแฉง - เข้าถึงที่สุด, เข้าหมดเลย"
แฉกแวกฉายวาย,สำ.,"วุ่นวาย, เสียหายยับเยิน, แตกฉานซ่านเซ็น, ระส่ำระสาย, รวมกันไม่ติด."
แฉ็กแฮ,อุ.,จ๊ะเอ๋เด็ก
แฉ็กแฮ,อุ.,จ๊ะเอ๋เด็ก (ดู ฉะอ้อ).
แฉ่เกี๊ย,ก.,ตกใจ (ภ.ก.).
แฉง,น.,เครื่องบังหรือกะบังศาสตราวุธ เช่น แฉงดาบ.
แฉง,น.,โปะไฟ เช่น แฉงเกียง.
แฉง,น.,เพิงร้าน.
แฉง,ว.,"โดยปริยาย หมายถึง ถึงที่สุด เช่น เข้าถึงแฉง - เข้าถึงที่สุด, เข้าหมดเลย"
แฉง,สำ.,ผู้คุ้มกัน.
แฉ็ง,ก.,"ฉาย, ส่องแสงออกไป เช่น แขบไฟ - ฉายไฟ"
แฉ็ง,ก.,"เขก, โขก"
แฉ็ง,ก.,"ถอก, ถลกขึ้นมา, เปิด, ปลิ้น."
แฉ็ง,ก.,"เร่ง ใช้กับการเร่งเครื่องยนต์ เช่น อย่าแฉ็งมันมาก - อย่าเร่งน้ำมันมาก (ภ.ก., พ.ง.)."
แฉ็ง,ก.,"ตะคอก, ขึ้นเสียง (ภ.ก., พ.ง.)."
แฉ็ง,ก.,"ฉาย, ส่องแสงออกไป (ดู แขบ ก. ๑.)"
แฉ็ง (น.ศ.),ก.,"กาง, คลี่, แผ่ออก เช่น กางร่ม"
แฉ็งเกียงแกบ,ก.,เปิดไฟฉาย.
แฉ็งไข,ก.,ทำให้ปลายอวัยวะสืบพันธุ์เปิดออก
แฉ็งแง,ก.,เสียงร้องของเหยี่ยว.
แฉ็งไฟ,ก.,ส่องไฟฉาย.
แฉ็งแม็ง,ก.,อาการที่อายไม่กล้าแสดงออก เช่น นั่งทำหน้าแฉ็งแม็ง - นั่งทำหน้าเอียงอาย.
แฉ็งยี่,ก.,ลักษณะการลงโทษผู้แพ้ในการเล่น “ลายอ” (การเล่นของเด็กไทยมุสลิม) คือเอาลูกของผู้แพ้มาวาง แล้วคนอื่น ๆ ใช้ลูกของตนขว้างให้ถูกลูกของผู้แพ้ให้กระเด็นไปให้ไกลหลุมมากที่สุด.
แฉ็งหน้า,ก.,ตีหน้ายักษ์เข้าใส่.
แฉด,ก.,ขว้างแผ่นกระเบื้องให้แฉลบไปบนผิวน้ำ
แฉด,ก.,"สาด, ซัดน้ำไป, วักน้ำไปโดยแรง (ช.พ.)."
แฉด,ก.,ใช้ข้างมือหรือข้างเท้าตวัดกวาดน้ำ.
แฉด,ก.,ขว้างแผ่นกระเบื้องให้แฉลบไปบนผิวน้ำ (ดู ขัดแหลกแฉด).
แฉด,ว.,"เกือบ, หวุดหวิด เช่น แฉดตาย - เกือบตาย"
แฉด,ว.,สีแจ๊ด เช่น สีแดงแฉด - สีแดงแจ๊ด.
แฉ็ด,ว.,"เกือบ, หวุดหวิด เช่น แฉดตาย - เกือบตาย"
แฉ็ด,ก.,ขีดไม้ขีดไฟ.
แฉ็ด,ว.,"เกือบ, หวุดหวิด (ดู แฉด ว. ๑.)."
แฉโพย,ก.,เปิดเผยความจริง.
แฉโพย,ก.,ขว้างของแบนให้ร่อนไป
แฉโพย,ว.,"อ้า, ที่เปิดกว้างออกไป (ดู แฉะ ว. ๑.)."
แฉโพย,ว.,เสียงไล่สุนัข
แฉว,ว.,"เกือบ, หวุดหวิด เช่น แฉดตาย - เกือบตาย"
แฉว,ว.,"เกือบ, หวุดหวิด (ดู แฉด ว. ๑.)."
แฉ่หือ,น.,ปลาสด (ดู แฉ่หู).
"แฉ่หือ (จ., ภ.ก.)",น.,ปลาสด
แฉ่หู,น.,ปลาสด
แฉ่แหฺม,ว.,"ตาบอด, ใช้เรียกคนที่เดินไม่ดูตาม้าตาเรือ (จ., ภ.ก., พ.ง.)."
แฉะ,ว.,เสียงไล่สุนัข
แฉะ,น.,"หนังสือ (จ., ภ.ก.)."
แฉะ,ว.,"อ้า, ที่เปิดกว้างออกไป, แผ่ออก เช่น เขาวัวแฉะ - เขาวัวแบะ"
แฉะ,ว.,"เปียกชุ่ม, เลอะเทอะ."
แฉะ,ว.,เสียงไล่สุนัข (ดู แฉ ว. ๒.).
โฉ,ก.,ส่งเสียงดัง.
โฉ้,ว.,"ใช้ประกอบคำอื่น แสดงความไม่มั่นใจ, ฉงน, ไม่รู้ เช่น ใครฉู้ - ใครไม่รู้, ปรือฉู้ - เป็นอะไรไม่รู้, ไปไหนฉู้ - ไปไหนก็ไม่รู้, ไหรฉู้ - อะไรก็ไม่รู้"
โฉ้,ว.,"คำใช้ประกอบคำอื่นแสดงความไม้มั่นใจ, ฉงน (ดู ฉู้)."
โฉเก,ว.,"ฉลาดแกมโกง, ตลบตะแลง"
โฉเก,ว.,"ฉลาดแกมโกง, ตลบตะแลง (ดู เฉโก)."
โฉง,ก.,กระฉอก อาการที่ของเหลว เช่น น้ำในภาชนะกระเพื่อมอย่างแรงเพราะความสั่นสะเทือน
โฉง,ก.,กระฉอก (ดู ฉอก ก. ๒.).
โฉ้ง,น.,ชื่อขวานถากไม้ชนิดหนึ่ง
โฉ้ง,น.,ส่วนของต้นไม้ที่มีลักษณะเป็นโพรงเรียก “โฉ้งไม้”.
โฉ้ง,ก.,"พุง, จวง, ถาก"
โฉ้ง,ก.,ฟันกลางลำต้นของต้นไม้.
โฉ้ง,ว.,โค้งออก.
โฉ้ง,ว.,"เร็ว (ช.พ., ส.ฎ.)."
โฉ้งขวาน,น.,"นกหัวขวาน, ชื่อนกชนิดหนึ่ง ไต่ตามต้นไม้ โดยปากเจาะต้นไม้เพื่อหากินแมลง ทำรังในโพรงไม้สีสวย"
โฉ้งขวาน,น.,นกหัวขวาน (ดู หัวขวาน).
โฉ้งคราด,น.,นกกระทาดง
โฉ้งคราด,น.,นกกระทาดง (ดู สังสีโรก).
โฉงเฉง,ว.,กรายไปกรายมา (ดู โฉ้งเฉ้ง ว.).
โฉงเฉง,ว.,"ทำท่าหยิ่ง, กรายไปกรายมา, ทำเตะท่า (ภ.ก., พ.ง.)"
โฉ้งเฉ้ง,น.,ชื่อขวานถากไม้ชนิดหนึ่ง
โฉ้งเฉ้ง,น.,ชื่อขวานถากไม้ชนิดหนึ่ง (ดู โฉ้ง น. ๑.).
โฉ้งเฉ้ง,ก.,ส่งเสียงดังโขมงโฉงเฉงด้วยความไม่พอใจแต่ไม่ถึงกับรุนแรง.
โฉ้งเฉ้ง,ว.,"ทำท่าหยิ่ง, กรายไปกรายมา, ทำเตะท่า (ภ.ก., พ.ง.)"
โฉ้งแฉ้ง,น.,ชื่อขวานถากไม้ชนิดหนึ่ง (ดู โฉ้ง น. ๑.).
โฉ้งแฉ้ง (ส.ฎ.),น.,ขวานถากไม้ ลักษณะคล้ายจอบ (น.ศ.)
โฉ้งแฉ้ง (ส.ฎ.),น.,ชื่อขวานถากไม้ชนิดหนึ่ง
โฉ้งหัวขวาน,น.,"นกหัวขวาน, ชื่อนกชนิดหนึ่ง ไต่ตามต้นไม้ โดยปากเจาะต้นไม้เพื่อหากินแมลง ทำรังในโพรงไม้สีสวย"
โฉ้งหัวขวาน,น.,นกหัวขวาน (ดู หัวขวาน).
โฉ่จั้ว,น.,กระดาษย่น (ดู ดาษโฉ้).
"โฉ่จั้ว (ภ.ก., พ.ง.)",น.,"กระดาษย่น, กระดาษว่าว, กระดาษสา"
โฉโฉ,ว.,เสียงดัง
โฉด,ว.,โง่เขลาเบาปัญญา.
โฉด,ว.,ชั่วช้า.
โฉเบ,ก.,"บิดพลิ้ว, บ่ายเบี่ยง, หลีกเลี่ยง."
โฉม,น.,ชื่อไม้ล้มลุก ชอบขึ้นในที่ชื้นแฉะ ลำต้นและกิ่งอวบน้ำ สีม่วง ใบรูปไข่ค่อนข้างหนา ด้านล่างมีขน ดอกเล็ก ๆ สีม่วงแกมชมพู กลางเหลือง ออกเป็นกระจุกที่ง่ามใบหรือปลายกิ่ง ทุกส่วนของไม้นี้มีกลิ่นหอม ใช้เป็นอาหารและทำยาได้.
โฉมงาม,ก.,"ไหว้แบบถวายบังคม, เคารพโดยการกราบไหว้"
โฉมงาม,ก.,"ท่าเงื้ออาวุธ, ไหว้แบบถวายบังคม (ดู ฉูงาม)."
โฉมงาม (ส.ข.),ก.,"เงื้ออาวุธด้วยมือทั้งสองข้างขึ้นเหนือศีรษะเพื่อจามลง (ต.ร., ก.บ.)"
โฉลง,น.,เสาสำหรับผูกช้าง
โฉลง,น.,เสาสำหรับผูกช้าง (ดู ฉลุง).
โฉะ,ก.,"กระตุก, ดึง, กระชากแรง ๆ."
ไฉไล,ว.,เถลไถล.
